,type,geometry.type,geometry.coordinates,properties.name,properties.placename,properties.id,properties.state,properties.datestart,properties.dateend,properties.udatestart,properties.udateend,properties.latitude,properties.longitude,properties.linkback,properties.TLCMapLinkBack,properties.TLCMapDataset,properties.title_id,properties.place_id,display.popup.links,properties.description,properties.original_id,properties.street,properties.suburb,properties.postcode,properties.web_links,properties.feature_term,properties.category,properties.group,properties.authority,properties.supply_date,properties.parish,properties.lga,properties.source,properties.original_data_source
0,Feature,Point,"[151.7846, -32.9318]",The Voice of the North (NSW : 1918 - 1933),Newcastle,t38ac,NSW,1918,1918,-1641031200000.0,-1641031200000.0,-32.9318,151.7846,https://trove.nla.gov.au/newspaper/title/457,https://ghap.tlcmap.org/search?id=t38ac,https://ghap.tlcmap.org/publicdatasets/140,457,NSW42141,"[{'text': 'TLCMap Record: t38ac', 'link': 'https://ghap.tlcmap.org/search?id=t38ac'}, {'text': 'TLCMap Layer', 'link': 'https://ghap.tlcmap.org/publicdatasets/140'}]",,,,,,,,,,,,,,,
1,Feature,Point,"[151.75, -32.916667]",Newcastle,Newcastle,tf17b,NSW,1825-05-11,2017-03-26,-4564548292000.0,-4564548292000.0,-32.916667,151.75,https://www.ausstage.edu.au/pages/venue/10582,https://ghap.tlcmap.org/search?id=tf17b,https://ghap.tlcmap.org/publicdatasets/379,,,"[{'text': 'TLCMap Record: tf17b', 'link': 'https://ghap.tlcmap.org/search?id=tf17b'}, {'text': 'TLCMap Layer', 'link': 'https://ghap.tlcmap.org/publicdatasets/379'}]",A venue from The Australian Live Performance Database 'AusStage'.,10582,,Newcastle,2300,,,,,,,,,,
2,Feature,Point,"[151.7846, -32.9318]",The Newcastle Chronicle and Hunter River District News (NSW : 1859 - 1866),Newcastle,t380a,NSW,1859,1859,-3502865092000.0,-3502865092000.0,-32.9318,151.7846,https://trove.nla.gov.au/newspaper/title/353,https://ghap.tlcmap.org/search?id=t380a,https://ghap.tlcmap.org/publicdatasets/140,353,NSW42141,"[{'text': 'TLCMap Record: t380a', 'link': 'https://ghap.tlcmap.org/search?id=t380a'}, {'text': 'TLCMap Layer', 'link': 'https://ghap.tlcmap.org/publicdatasets/140'}]",,,,,,,,,,,,,,,
3,Feature,Point,"[151.7846, -32.9318]",The Newcastle Chronicle (NSW : 1866 - 1876),Newcastle,t3809,NSW,1866,1866,-3281940292000.0,-3281940292000.0,-32.9318,151.7846,https://trove.nla.gov.au/newspaper/title/354,https://ghap.tlcmap.org/search?id=t3809,https://ghap.tlcmap.org/publicdatasets/140,354,NSW42141,"[{'text': 'TLCMap Record: t3809', 'link': 'https://ghap.tlcmap.org/search?id=t3809'}, {'text': 'TLCMap Layer', 'link': 'https://ghap.tlcmap.org/publicdatasets/140'}]",,,,,,,,,,,,,,,
4,Feature,Point,"[151.7846, -32.9318]",The Newcastle Argus and District Advertiser (NSW : 1916),Newcastle,t3808,NSW,1916,1916,-1704189600000.0,-1704189600000.0,-32.9318,151.7846,https://trove.nla.gov.au/newspaper/title/513,https://ghap.tlcmap.org/search?id=t3808,https://ghap.tlcmap.org/publicdatasets/140,513,NSW42141,"[{'text': 'TLCMap Record: t3808', 'link': 'https://ghap.tlcmap.org/search?id=t3808'}, {'text': 'TLCMap Layer', 'link': 'https://ghap.tlcmap.org/publicdatasets/140'}]",,,,,,,,,,,,,,,
5,Feature,Point,"[151.7178036, -32.86508436]",Newcastle,Newcastle,n839cf,NSW,,,,,-32.86508436,151.7178036,,https://ghap.tlcmap.org/search?id=n839cf,https://ghap.tlcmap.org,,,"[{'text': 'TLCMap Record: n839cf', 'link': 'https://ghap.tlcmap.org/search?id=n839cf'}, {'text': 'TLCMap Layer', 'link': 'https://ghap.tlcmap.org'}]",,,,,,,parish,administrative area,administration,NSW,2021-07-13,,,,
6,Feature,Point,"[151.7844691, -32.9317512]",Newcastle,Newcastle,n839ce,NSW,,,,,-32.9317512,151.7844691,,https://ghap.tlcmap.org/search?id=n839ce,https://ghap.tlcmap.org,,,"[{'text': 'TLCMap Record: n839ce', 'link': 'https://ghap.tlcmap.org/search?id=n839ce'}, {'text': 'TLCMap Layer', 'link': 'https://ghap.tlcmap.org'}]",,,,,,,locality,administrative area,administration,NSW,2021-07-13,,,,
7,Feature,Point,"[149.5344651, -28.76510084]",Newcastle,Newcastle,n839cd,NSW,,,,,-28.76510084,149.5344651,,https://ghap.tlcmap.org/search?id=n839cd,https://ghap.tlcmap.org,,,"[{'text': 'TLCMap Record: n839cd', 'link': 'https://ghap.tlcmap.org/search?id=n839cd'}, {'text': 'TLCMap Layer', 'link': 'https://ghap.tlcmap.org'}]",,,,,,,parish,administrative area,administration,NSW,2021-07-13,,,,
8,Feature,Point,"[151.7846, -32.9318]","Miners' Advocate and Northumberland Recorder (Newcastle, NSW : 1873 - 1876)",Newcastle,t357e,NSW,1873,1873,-3061015492000.0,-3061015492000.0,-32.9318,151.7846,https://trove.nla.gov.au/newspaper/title/355,https://ghap.tlcmap.org/search?id=t357e,https://ghap.tlcmap.org/publicdatasets/140,355,NSW42141,"[{'text': 'TLCMap Record: t357e', 'link': 'https://ghap.tlcmap.org/search?id=t357e'}, {'text': 'TLCMap Layer', 'link': 'https://ghap.tlcmap.org/publicdatasets/140'}]",,,,,,,,,,,,,,,
9,Feature,Point,"[151.78444444444443, -32.931666666666665]",Newcastle,Newcastle,acc43,NSW,,,,,-32.931666666666665,151.78444444444443,,https://ghap.tlcmap.org/search?id=acc43,https://ghap.tlcmap.org,,,"[{'text': 'TLCMap Record: acc43', 'link': 'https://ghap.tlcmap.org/search?id=acc43'}, {'text': 'TLCMap Layer', 'link': 'https://ghap.tlcmap.org'}]",A city about 2 km SE by S of Carrington and about 2 km S by W of Stockton.   Boundaries within the Newcastle Council area shown on map GNB3538.       ,,,,,,suburb,,,,,NEWCASTLE,NEWCASTLE,"State Records (TLCM)
1. Cessnock 1826 - 1954; Type: Book; Author: Bloomfield, W.A.; Place: Cessnock; ANPS Library: N; Status: Secondary; ANPS Source ID: 737;
2. Geographical Names Register; Type: Website; Publisher: Geographical Names Board of New South Wales; Place: www.gnb.nsw.gov.au; ANPS Library: N; Status: Primary; ANPS Source ID: 935;","State Records (TLCM)
1. Cessnock 1826 - 1954; Type: Book; Author: Bloomfield, W.A.; Place: Cessnock; ANPS Library: N; Status: Secondary; ANPS Source ID: 737;
2. Geographical Names Register; Type: Website; Publisher: Geographical Names Board of New South Wales; Place: www.gnb.nsw.gov.au; ANPS Library: N; Status: Primary; ANPS Source ID: 935;"
10,Feature,Point,"[151.71777777777777, -32.865]",Newcastle,Newcastle,acc42,NSW,,,,,-32.865,151.71777777777777,,https://ghap.tlcmap.org/search?id=acc42,https://ghap.tlcmap.org,,,"[{'text': 'TLCMap Record: acc42', 'link': 'https://ghap.tlcmap.org/search?id=acc42'}, {'text': 'TLCMap Layer', 'link': 'https://ghap.tlcmap.org'}]",A lands administrative division.           ,,,,,,parish,,,,,NEWCASTLE,NEWCASTLE,State Records (TLCM),State Records (TLCM)
11,Feature,Point,"[149.53444444444443, -28.765]",Newcastle,Newcastle,acc41,NSW,,,,,-28.765,149.53444444444443,,https://ghap.tlcmap.org/search?id=acc41,https://ghap.tlcmap.org,,,"[{'text': 'TLCMap Record: acc41', 'link': 'https://ghap.tlcmap.org/search?id=acc41'}, {'text': 'TLCMap Layer', 'link': 'https://ghap.tlcmap.org'}]",A lands administrative division.           ,,,,,,parish,,,,,NEWCASTLE,MOREE PLAINS,State Records (TLCM),State Records (TLCM)
12,Feature,Point,"[151.7846, -32.9318]",The Newcastle Sun (NSW : 1918 - 1954),Newcastle,t380b,NSW,1918,1918,-1641031200000.0,-1641031200000.0,-32.9318,151.7846,https://trove.nla.gov.au/newspaper/title/651,https://ghap.tlcmap.org/search?id=t380b,https://ghap.tlcmap.org/publicdatasets/140,651,NSW42141,"[{'text': 'TLCMap Record: t380b', 'link': 'https://ghap.tlcmap.org/search?id=t380b'}, {'text': 'TLCMap Layer', 'link': 'https://ghap.tlcmap.org/publicdatasets/140'}]",,,,,,,,,,,,,,,
13,Feature,Point,"[151.7846, -32.9318]",Newcastle Morning Herald and Miners' Advocate (NSW : 1876 - 1954),Newcastle,t35c0,NSW,1876,1876,-2966407492000.0,-2966407492000.0,-32.9318,151.7846,https://trove.nla.gov.au/newspaper/title/356,https://ghap.tlcmap.org/search?id=t35c0,https://ghap.tlcmap.org/publicdatasets/140,356,NSW42141,"[{'text': 'TLCMap Record: t35c0', 'link': 'https://ghap.tlcmap.org/search?id=t35c0'}, {'text': 'TLCMap Layer', 'link': 'https://ghap.tlcmap.org/publicdatasets/140'}]",,,,,,,,,,,,,,,
14,Feature,Point,"[151.7846, -32.9318]","Northern Times (Newcastle, NSW : 1857 - 1918)",Newcastle,t35db,NSW,1857,1857,-3565937092000.0,-3565937092000.0,-32.9318,151.7846,https://trove.nla.gov.au/newspaper/title/496,https://ghap.tlcmap.org/search?id=t35db,https://ghap.tlcmap.org/publicdatasets/140,496,NSW42141,"[{'text': 'TLCMap Record: t35db', 'link': 'https://ghap.tlcmap.org/search?id=t35db'}, {'text': 'TLCMap Layer', 'link': 'https://ghap.tlcmap.org/publicdatasets/140'}]",,,,,,,,,,,,,,,
15,Feature,Point,"[151.75944444444445, -32.931666666666665]",Newcastle High School,Newcastle High School,a15221,NSW,,,,,-32.931666666666665,151.75944444444445,,https://ghap.tlcmap.org/search?id=a15221,https://ghap.tlcmap.org,,,"[{'text': 'TLCMap Record: a15221', 'link': 'https://ghap.tlcmap.org/search?id=a15221'}, {'text': 'TLCMap Layer', 'link': 'https://ghap.tlcmap.org'}]",A school bounded by National Park Street and Parkway Ave.           ,,,,,,school,,,,,NEWCASTLE,NEWCASTLE,State Records (TLCM),State Records (TLCM)
16,Feature,Point,"[151.76, -32.92861111111111]",Newcastle West,Newcastle West,acc58,NSW,,,,,-32.92861111111111,151.76,,https://ghap.tlcmap.org/search?id=acc58,https://ghap.tlcmap.org,,,"[{'text': 'TLCMap Record: acc58', 'link': 'https://ghap.tlcmap.org/search?id=acc58'}, {'text': 'TLCMap Layer', 'link': 'https://ghap.tlcmap.org'}]",A suburb located about 1km NW of Cooks Hill.    Boundaries within the Newcastle Council area shown on map GNB3538.       ,,,,,,suburb,,,,,NEWCASTLE,NEWCASTLE,State Records (TLCM),State Records (TLCM)
17,Feature,Point,"[151.76777777777778, -32.915]",Newcastle Ferry Terminal,Newcastle Ferry Terminal,a1521f,NSW,,,,,-32.915,151.76777777777778,,https://ghap.tlcmap.org/search?id=a1521f,https://ghap.tlcmap.org,,,"[{'text': 'TLCMap Record: a1521f', 'link': 'https://ghap.tlcmap.org/search?id=a1521f'}, {'text': 'TLCMap Layer', 'link': 'https://ghap.tlcmap.org'}]",A terminal about 1 km S by W of Stockton and about 2 km E by S of Wickham.          ,,,,,,wharf,,,,,NEWCASTLE,NEWCASTLE,State Records (TLCM),State Records (TLCM)
18,Feature,Point,"[151.71777777777777, -32.915]",Newcastle District Park,Newcastle District Park,a1521e,NSW,,,,,-32.915,151.71777777777777,,https://ghap.tlcmap.org/search?id=a1521e,https://ghap.tlcmap.org,,,"[{'text': 'TLCMap Record: a1521e', 'link': 'https://ghap.tlcmap.org/search?id=a1521e'}, {'text': 'TLCMap Layer', 'link': 'https://ghap.tlcmap.org'}]",           ,,,,,,reserve,,,,,,,State Records (TLCM),State Records (TLCM)
19,Feature,Point,"[151.7011111111111, -32.88166666666667]",Newcastle College of Advanced Education,Newcastle College of Advanced Education,a1521d,NSW,,,,,-32.88166666666667,151.7011111111111,,https://ghap.tlcmap.org/search?id=a1521d,https://ghap.tlcmap.org,,,"[{'text': 'TLCMap Record: a1521d', 'link': 'https://ghap.tlcmap.org/search?id=a1521d'}, {'text': 'TLCMap Layer', 'link': 'https://ghap.tlcmap.org'}]","A COLLEGE ON RANKIN DRIVE, WARATAH WEST.           ",,,,,,college,,,,,NEWCASTLE,NEWCASTLE,State Records (TLCM),State Records (TLCM)
20,Feature,Point,"[151.736664, -32.920675]",Newcastle Entertainment Centre,Newcastle Entertainment Centre,tea44,NSW,1992-01-01,2018-05-23,694184400000.0,694184400000.0,-32.920675,151.736664,https://www.ausstage.edu.au/pages/venue/3075,https://ghap.tlcmap.org/search?id=tea44,https://ghap.tlcmap.org/publicdatasets/379,,,"[{'text': 'TLCMap Record: tea44', 'link': 'https://ghap.tlcmap.org/search?id=tea44'}, {'text': 'TLCMap Layer', 'link': 'https://ghap.tlcmap.org/publicdatasets/379'}]",A venue from The Australian Live Performance Database 'AusStage'.,3075,"Newcastle Showground, Brown Road",Broadmeadow,2292,,,,,,,,,,
21,Feature,Point,"[151.772233, -32.927937]",Newcastle City Hall,Newcastle City Hall,teb84,NSW,1943-07-06,2006-02-10,-836042400000.0,-836042400000.0,-32.927937,151.772233,https://www.ausstage.edu.au/pages/venue/3475,https://ghap.tlcmap.org/search?id=teb84,https://ghap.tlcmap.org/publicdatasets/379,,,"[{'text': 'TLCMap Record: teb84', 'link': 'https://ghap.tlcmap.org/search?id=teb84'}, {'text': 'TLCMap Layer', 'link': 'https://ghap.tlcmap.org/publicdatasets/379'}]",A venue from The Australian Live Performance Database 'AusStage'.,3475,King Street,Newcastle,2300,,,,,,,,,,
22,Feature,Point,"[151.753184, -32.923111]",Newcastle Community Arts Centre,Newcastle Community Arts Centre,te9a0,NSW,1990-06-08,1999-06-30,644767200000.0,644767200000.0,-32.923111,151.753184,https://www.ausstage.edu.au/pages/venue/2870,https://ghap.tlcmap.org/search?id=te9a0,https://ghap.tlcmap.org/publicdatasets/379,,,"[{'text': 'TLCMap Record: te9a0', 'link': 'https://ghap.tlcmap.org/search?id=te9a0'}, {'text': 'TLCMap Layer', 'link': 'https://ghap.tlcmap.org/publicdatasets/379'}]",A venue from The Australian Live Performance Database 'AusStage'.,2870,246 Parry St,Newcastle,2300,,,,,,,,,,
23,Feature,Point,"[151.78444444444443, -32.931666666666665]",Newcastle Post Office,Newcastle Post Office,acc4f,NSW,,,,,-32.931666666666665,151.78444444444443,,https://ghap.tlcmap.org/search?id=acc4f,https://ghap.tlcmap.org,,,"[{'text': 'TLCMap Record: acc4f', 'link': 'https://ghap.tlcmap.org/search?id=acc4f'}, {'text': 'TLCMap Layer', 'link': 'https://ghap.tlcmap.org'}]","A major post office situated at the corner of Hunter Street and Bolton Street, Newcastle.          ",,,,,,post office,,,,,NEWCASTLE,NEWCASTLE,State Records (TLCM),State Records (TLCM)
24,Feature,Point,"[151.78444444444443, -32.92333333333333]",Newcastle Railway Station,Newcastle Railway Station,acc52,NSW,,,,,-32.92333333333333,151.78444444444443,,https://ghap.tlcmap.org/search?id=acc52,https://ghap.tlcmap.org,,,"[{'text': 'TLCMap Record: acc52', 'link': 'https://ghap.tlcmap.org/search?id=acc52'}, {'text': 'TLCMap Layer', 'link': 'https://ghap.tlcmap.org'}]",A railway station on the Great Northern Railway Line about 1km E of Civic Railway Station and about 900 metres W of Flagstaff Hill.          ,,,,,,railway station,,,,,NEWCASTLE,NEWCASTLE,State Records (TLCM),State Records (TLCM)
25,Feature,Point,"[151.761434, -32.926933]",Newcastle Leagues Club,Newcastle Leagues Club,ted93,NSW,1990-11-08,2009-09-04,657982800000.0,657982800000.0,-32.926933,151.761434,https://www.ausstage.edu.au/pages/venue/4091,https://ghap.tlcmap.org/search?id=ted93,https://ghap.tlcmap.org/publicdatasets/379,,,"[{'text': 'TLCMap Record: ted93', 'link': 'https://ghap.tlcmap.org/search?id=ted93'}, {'text': 'TLCMap Layer', 'link': 'https://ghap.tlcmap.org/publicdatasets/379'}]",A venue from The Australian Live Performance Database 'AusStage'.,4091,17 National Park St,Newcastle,2300,,,,,,,,,,
26,Feature,Point,"[151.31777777777776, -33.13166666666667]",Newcastle National Forest,Newcastle National Forest,acc4e,NSW,,,,,-33.13166666666667,151.31777777777776,,https://ghap.tlcmap.org/search?id=acc4e,https://ghap.tlcmap.org,,,"[{'text': 'TLCMap Record: acc4e', 'link': 'https://ghap.tlcmap.org/search?id=acc4e'}, {'text': 'TLCMap Layer', 'link': 'https://ghap.tlcmap.org'}]","National Forest No. 50 in the Forest District of Newcastle. Area about 23,356 ha.          ",,,,,,State forest,,,,,OLNEY,WYONG,State Records (TLCM),State Records (TLCM)
27,Feature,Point,"[151.78444444444443, -32.92333333333333]",Newcastle Harbour,Newcastle Harbour,acc4b,NSW,,,,,-32.92333333333333,151.78444444444443,,https://ghap.tlcmap.org/search?id=acc4b,https://ghap.tlcmap.org,,,"[{'text': 'TLCMap Record: acc4b', 'link': 'https://ghap.tlcmap.org/search?id=acc4b'}, {'text': 'TLCMap Layer', 'link': 'https://ghap.tlcmap.org'}]","A harbour within Port Hunter, being that part of the Hunter River below North Harbour.          ",,,,,,harbour,,,,,NEWCASTLE,NEWCASTLE,"State Records (TLCM)
1. Cessnock 1826 - 1954; Type: Book; Author: Bloomfield, W.A.; Place: Cessnock; ANPS Library: N; Status: Secondary; ANPS Source ID: 737;","State Records (TLCM)
1. Cessnock 1826 - 1954; Type: Book; Author: Bloomfield, W.A.; Place: Cessnock; ANPS Library: N; Status: Secondary; ANPS Source ID: 737;"
28,Feature,Point,"[151.79, -32.92611111111111]",Newcastle East,Newcastle East,acc48,NSW,,,,,-32.92611111111111,151.79,,https://ghap.tlcmap.org/search?id=acc48,https://ghap.tlcmap.org,,,"[{'text': 'TLCMap Record: acc48', 'link': 'https://ghap.tlcmap.org/search?id=acc48'}, {'text': 'TLCMap Layer', 'link': 'https://ghap.tlcmap.org'}]",A suburb located about 1km E of Newcastle. It is bounded by Newcastle Harbour and Tasman Sea.   Boundaries within the Newcastle Council area shown on map GNB3538.       ,,,,,,suburb,,,,,NEWCASTLE,NEWCASTLE,State Records (TLCM),State Records (TLCM)
29,Feature,Point,"[151.78444444444443, -32.931666666666665]",Newcastle Beach,Newcastle Beach,acc44,NSW,,,,,-32.931666666666665,151.78444444444443,,https://ghap.tlcmap.org/search?id=acc44,https://ghap.tlcmap.org,,,"[{'text': 'TLCMap Record: acc44', 'link': 'https://ghap.tlcmap.org/search?id=acc44'}, {'text': 'TLCMap Layer', 'link': 'https://ghap.tlcmap.org'}]",A beach about 1 km long. It is about 0.5 km SW of Flagstaff Hill and about 1 km NE by E of Shepherds Hill.          ,,,,,,beach1,,,,,NEWCASTLE,NEWCASTLE,State Records (TLCM),State Records (TLCM)
30,Feature,Point,"[151.708436, -32.910726]",Newcastle Repertory Theatre,Newcastle Repertory Theatre,tebf9,NSW,1960-04-13,2010-01-30,-306756000000.0,-306756000000.0,-32.910726,151.708436,https://www.ausstage.edu.au/pages/venue/3613,https://ghap.tlcmap.org/search?id=tebf9,https://ghap.tlcmap.org/publicdatasets/379,,,"[{'text': 'TLCMap Record: tebf9', 'link': 'https://ghap.tlcmap.org/search?id=tebf9'}, {'text': 'TLCMap Layer', 'link': 'https://ghap.tlcmap.org/publicdatasets/379'}]",A venue from The Australian Live Performance Database 'AusStage'.,3613,90 De Vitre St ,Lambton,2299,,,,,,,,,,
31,Feature,Point,"[151.7909, -32.92953]",Newcastle Ocean Baths,Newcastle Ocean Baths,tecdc,NSW,2002-11-08,2002-11-10,1036674000000.0,1036674000000.0,-32.92953,151.7909,https://www.ausstage.edu.au/pages/venue/3877,https://ghap.tlcmap.org/search?id=tecdc,https://ghap.tlcmap.org/publicdatasets/379,,,"[{'text': 'TLCMap Record: tecdc', 'link': 'https://ghap.tlcmap.org/search?id=tecdc'}, {'text': 'TLCMap Layer', 'link': 'https://ghap.tlcmap.org/publicdatasets/379'}]",A venue from The Australian Live Performance Database 'AusStage'.,3877,Shortland Esplanade,Newcastle East,2300,,,,,,,,,,
32,Feature,Point,"[151.7511111111111, -32.915]",Newcastle High School,Newcastle High School,a15220,NSW,,,,,-32.915,151.7511111111111,,https://ghap.tlcmap.org/search?id=a15220,https://ghap.tlcmap.org,,,"[{'text': 'TLCMap Record: a15220', 'link': 'https://ghap.tlcmap.org/search?id=a15220'}, {'text': 'TLCMap Layer', 'link': 'https://ghap.tlcmap.org'}]","A high school located in Parkway Avenue, Hamilton.           ",,,,,,school,,,,,NEWCASTLE,NEWCASTLE,State Records (TLCM),State Records (TLCM)
33,Feature,Point,"[151.73444444444442, -32.915]",Newcastle Racecourse,Newcastle Racecourse,a15223,NSW,,,,,-32.915,151.73444444444442,,https://ghap.tlcmap.org/search?id=a15223,https://ghap.tlcmap.org,,,"[{'text': 'TLCMap Record: a15223', 'link': 'https://ghap.tlcmap.org/search?id=a15223'}, {'text': 'TLCMap Layer', 'link': 'https://ghap.tlcmap.org'}]","A racecourse on freehold land in Dumaresq Street, Beaumont Street and Chatham Street, HAMILTON.          ",,,,,,racecourse,,,,,NEWCASTLE,NEWCASTLE,State Records (TLCM),State Records (TLCM)
34,Feature,Point,"[151.76777777777778, -32.915]",Newcastle Public School,Newcastle Public School,a15222,NSW,,,,,-32.915,151.76777777777778,,https://ghap.tlcmap.org/search?id=a15222,https://ghap.tlcmap.org,,,"[{'text': 'TLCMap Record: a15222', 'link': 'https://ghap.tlcmap.org/search?id=a15222'}, {'text': 'TLCMap Layer', 'link': 'https://ghap.tlcmap.org'}]","A class 3SSP school in Union Street, Cooks Hill, Newcastle.           ",,,,,,school,,,,,NEWCASTLE,NEWCASTLE,"State Records (TLCM)
1. Geographical Names Register; Type: Website; Publisher: Geographical Names Board of New South Wales; Place: www.gnb.nsw.gov.au; ANPS Library: N; Status: Primary; ANPS Source ID: 935;","State Records (TLCM)
1. Geographical Names Register; Type: Website; Publisher: Geographical Names Board of New South Wales; Place: www.gnb.nsw.gov.au; ANPS Library: N; Status: Primary; ANPS Source ID: 935;"
35,Feature,Point,"[151.7900246, -32.92619562]",Newcastle East,Newcastle East,n71ab1,NSW,,,,,-32.92619562,151.7900246,,https://ghap.tlcmap.org/search?id=n71ab1,https://ghap.tlcmap.org,,,"[{'text': 'TLCMap Record: n71ab1', 'link': 'https://ghap.tlcmap.org/search?id=n71ab1'}, {'text': 'TLCMap Layer', 'link': 'https://ghap.tlcmap.org'}]",,,,,,,locality,administrative area,administration,NSW,2021-07-13,,,,
36,Feature,Point,"[151.785858, -32.92730673]",Newcastle Beach Light Rail Stop,Newcastle Beach Light Rail Stop,n70cf6,NSW,,,,,-32.92730673,151.785858,,https://ghap.tlcmap.org/search?id=n70cf6,https://ghap.tlcmap.org,,,"[{'text': 'TLCMap Record: n70cf6', 'link': 'https://ghap.tlcmap.org/search?id=n70cf6'}, {'text': 'TLCMap Layer', 'link': 'https://ghap.tlcmap.org'}]",,,,,,,rail station,rail,transport,NSW,2021-07-13,,,,
37,Feature,Point,"[151.7178036, -32.89841771]",Newcastle Middle School,Newcastle Middle School,n70e58,NSW,,,,,-32.89841771,151.7178036,,https://ghap.tlcmap.org/search?id=n70e58,https://ghap.tlcmap.org,,,"[{'text': 'TLCMap Record: n70e58', 'link': 'https://ghap.tlcmap.org/search?id=n70e58'}, {'text': 'TLCMap Layer', 'link': 'https://ghap.tlcmap.org'}]",,,,,,,secondary school,education,society,NSW,2021-07-13,,,,
38,Feature,Point,"[151.7344699, -32.91508449]",Newcastle Showground and Exhibition Centre,Newcastle Showground and Exhibition Centre,n7196a,NSW,,,,,-32.91508449,151.7344699,,https://ghap.tlcmap.org/search?id=n7196a,https://ghap.tlcmap.org,,,"[{'text': 'TLCMap Record: n7196a', 'link': 'https://ghap.tlcmap.org/search?id=n7196a'}, {'text': 'TLCMap Layer', 'link': 'https://ghap.tlcmap.org'}]",,,,,,,park,community facility,culture,NSW,2021-07-13,,,,
39,Feature,Point,"[151.75944444444445, -32.924166666666665]",Newcastle Interchange,Newcastle Interchange,a6f131,NSW,,,,,-32.924166666666665,151.75944444444445,,https://ghap.tlcmap.org/search?id=a6f131,https://ghap.tlcmap.org,,,"[{'text': 'TLCMap Record: a6f131', 'link': 'https://ghap.tlcmap.org/search?id=a6f131'}, {'text': 'TLCMap Layer', 'link': 'https://ghap.tlcmap.org'}]","A railway station located near the corner of Station & Charles Streets in the suburb of Wickham in the Newcastle LGA. The station is the primary public transport interchange for Intercity trains on the Central Coast & Newcastle and Hunter train lines, the",,,,,,railway station,,,,,,NEWCASTLE,State Records (TLCM),State Records (TLCM)
40,Feature,Point,"[151.78861111111112, -32.92388888888889]",Newcastle East CORS,Newcastle East CORS,a6f08a,NSW,,,,,-32.92388888888889,151.78861111111112,,https://ghap.tlcmap.org/search?id=a6f08a,https://ghap.tlcmap.org,,,"[{'text': 'TLCMap Record: a6f08a', 'link': 'https://ghap.tlcmap.org/search?id=a6f08a'}, {'text': 'TLCMap Layer', 'link': 'https://ghap.tlcmap.org'}]",Continuously Operating Reference Station.           ,,,,,,trig. station,,,,,NEWCASTLE,NEWCASTLE,"State Records (TLCM)
1. Geographical Names Register; Type: Website; Publisher: Geographical Names Board of New South Wales; Place: www.gnb.nsw.gov.au; ANPS Library: N; Status: Primary; ANPS Source ID: 935;","State Records (TLCM)
1. Geographical Names Register; Type: Website; Publisher: Geographical Names Board of New South Wales; Place: www.gnb.nsw.gov.au; ANPS Library: N; Status: Primary; ANPS Source ID: 935;"
41,Feature,Point,"[151.765, -32.92944444444444]",Newcastle CORS,Newcastle CORS,a6f089,NSW,,,,,-32.92944444444444,151.765,,https://ghap.tlcmap.org/search?id=a6f089,https://ghap.tlcmap.org,,,"[{'text': 'TLCMap Record: a6f089', 'link': 'https://ghap.tlcmap.org/search?id=a6f089'}, {'text': 'TLCMap Layer', 'link': 'https://ghap.tlcmap.org'}]",Continuously Operating Reference Station.           ,,,,,,trig. station,,,,,NEWCASTLE,NEWCASTLE,"State Records (TLCM)
1. Geographical Names Register; Type: Website; Publisher: Geographical Names Board of New South Wales; Place: www.gnb.nsw.gov.au; ANPS Library: N; Status: Primary; ANPS Source ID: 935;","State Records (TLCM)
1. Geographical Names Register; Type: Website; Publisher: Geographical Names Board of New South Wales; Place: www.gnb.nsw.gov.au; ANPS Library: N; Status: Primary; ANPS Source ID: 935;"
42,Feature,Point,"[151.71777777777777, -32.89833333333333]",Newcastle Middle School,Newcastle Middle School,a4e9d1,NSW,,,,,-32.89833333333333,151.71777777777777,,https://ghap.tlcmap.org/search?id=a4e9d1,https://ghap.tlcmap.org,,,"[{'text': 'TLCMap Record: a4e9d1', 'link': 'https://ghap.tlcmap.org/search?id=a4e9d1'}, {'text': 'TLCMap Layer', 'link': 'https://ghap.tlcmap.org'}]","Status: ASSIGNED EDU; Other Names:  /Cameron Park Public School; Description: A School in Christo Road, Waratah opposite Cameron Park.           ; GNB Comments:     /     /  ",,,,,,school,,,,,NEWCASTLE,NEWCASTLE,State Records (TLCM),State Records (TLCM)
43,Feature,Point,"[151.7594695, -32.92425115]",Newcastle Interchange,Newcastle Interchange,n70cdd,NSW,,,,,-32.92425115,151.7594695,,https://ghap.tlcmap.org/search?id=n70cdd,https://ghap.tlcmap.org,,,"[{'text': 'TLCMap Record: n70cdd', 'link': 'https://ghap.tlcmap.org/search?id=n70cdd'}, {'text': 'TLCMap Layer', 'link': 'https://ghap.tlcmap.org'}]",,,,,,,rail station,rail,transport,NSW,2021-07-13,,,,
44,Feature,Point,"[151.7598944, -32.92870874]",Newcastle West,Newcastle West,n71ab2,NSW,,,,,-32.92870874,151.7598944,,https://ghap.tlcmap.org/search?id=n71ab2,https://ghap.tlcmap.org,,,"[{'text': 'TLCMap Record: n71ab2', 'link': 'https://ghap.tlcmap.org/search?id=n71ab2'}, {'text': 'TLCMap Layer', 'link': 'https://ghap.tlcmap.org'}]",,,,,,,locality,administrative area,administration,NSW,2021-07-13,,,,
45,Feature,Point,"[151.7011111111111, -32.865]",Newcastle General Cemetery,Newcastle General Cemetery,a16253,NSW,,,,,-32.865,151.7011111111111,,https://ghap.tlcmap.org/search?id=a16253,https://ghap.tlcmap.org,,,"[{'text': 'TLCMap Record: a16253', 'link': 'https://ghap.tlcmap.org/search?id=a16253'}, {'text': 'TLCMap Layer', 'link': 'https://ghap.tlcmap.org'}]","A cemetery in Wallsend Road, Sandgate.           ",,,,,,cemetery,,,,,NEWCASTLE,NEWCASTLE,State Records (TLCM),State Records (TLCM)
46,Feature,Point,"[151.73444444444442, -32.915]",Newcastle Showground and Exhibition Centre,Newcastle Showground and Exhibition Centre,a15fa3,NSW,,,,,-32.915,151.73444444444442,,https://ghap.tlcmap.org/search?id=a15fa3,https://ghap.tlcmap.org,,,"[{'text': 'TLCMap Record: a15fa3', 'link': 'https://ghap.tlcmap.org/search?id=a15fa3'}, {'text': 'TLCMap Layer', 'link': 'https://ghap.tlcmap.org'}]","A reserve in Brown and Chatham Roads, Broadmeadow.           ",,,,,,reserve,,,,,NEWCASTLE,NEWCASTLE,State Records (TLCM),State Records (TLCM)
47,Feature,Point,"[151.73444444444442, -32.915]",Newcastle Technical High School,Newcastle Technical High School,a15227,NSW,,,,,-32.915,151.73444444444442,,https://ghap.tlcmap.org/search?id=a15227,https://ghap.tlcmap.org,,,"[{'text': 'TLCMap Record: a15227', 'link': 'https://ghap.tlcmap.org/search?id=a15227'}, {'text': 'TLCMap Layer', 'link': 'https://ghap.tlcmap.org'}]",           ,,,,,,school,,,,,,,State Records (TLCM),State Records (TLCM)
48,Feature,Point,"[151.76777777777778, -32.92333333333333]",Newcastle Technical College,Newcastle Technical College,a15226,NSW,,,,,-32.92333333333333,151.76777777777778,,https://ghap.tlcmap.org/search?id=a15226,https://ghap.tlcmap.org,,,"[{'text': 'TLCMap Record: a15226', 'link': 'https://ghap.tlcmap.org/search?id=a15226'}, {'text': 'TLCMap Layer', 'link': 'https://ghap.tlcmap.org'}]","A technical college bounded by Parry Street, Skelton Street, Hebburn Street and Stewart Avenue. Old main building situated in Hunter Street adjacent to Newcastle West Post Office.        ",,,,,,college,,,,,NEWCASTLE,NEWCASTLE,State Records (TLCM),State Records (TLCM)
49,Feature,Point,"[151.73444444444442, -32.89833333333333]",Newcastle Technical College,Newcastle Technical College,a15225,NSW,,,,,-32.89833333333333,151.73444444444442,,https://ghap.tlcmap.org/search?id=a15225,https://ghap.tlcmap.org,,,"[{'text': 'TLCMap Record: a15225', 'link': 'https://ghap.tlcmap.org/search?id=a15225'}, {'text': 'TLCMap Layer', 'link': 'https://ghap.tlcmap.org'}]","A Technical College in Maitland Road, TIGHES HILL.           ",,,,,,college,,,,,NEWCASTLE,NEWCASTLE,State Records (TLCM),State Records (TLCM)
50,Feature,Point,"[151.73444444444442, -32.915]",Newcastle Showground,Newcastle Showground,a15224,NSW,,,,,-32.915,151.73444444444442,,https://ghap.tlcmap.org/search?id=a15224,https://ghap.tlcmap.org,,,"[{'text': 'TLCMap Record: a15224', 'link': 'https://ghap.tlcmap.org/search?id=a15224'}, {'text': 'TLCMap Layer', 'link': 'https://ghap.tlcmap.org'}]","A reserve in Brown and Chatham roads, BROADMEADOW.           ",,,,,,reserve,,,,,NEWCASTLE,NEWCASTLE,State Records (TLCM),State Records (TLCM)
51,Feature,Point,"[151.766515, -32.928488]",Newcastle Panthers,Newcastle Panthers,tecf3,NSW,1983-12-12,2004-11-13,439995600000.0,439995600000.0,-32.928488,151.766515,https://www.ausstage.edu.au/pages/venue/3903,https://ghap.tlcmap.org/search?id=tecf3,https://ghap.tlcmap.org/publicdatasets/379,,,"[{'text': 'TLCMap Record: tecf3', 'link': 'https://ghap.tlcmap.org/search?id=tecf3'}, {'text': 'TLCMap Layer', 'link': 'https://ghap.tlcmap.org/publicdatasets/379'}]",A venue from The Australian Live Performance Database 'AusStage'.,3903,cnr King and Steel Streets,Newcastle,2300,,,,,,,,,,
52,Feature,Point,"[152.0011111111111, -32.79833333333333]",Newcastle Bight,Newcastle Bight,acc45,NSW,,,,,-32.79833333333333,152.0011111111111,,https://ghap.tlcmap.org/search?id=acc45,https://ghap.tlcmap.org,,,"[{'text': 'TLCMap Record: acc45', 'link': 'https://ghap.tlcmap.org/search?id=acc45'}, {'text': 'TLCMap Layer', 'link': 'https://ghap.tlcmap.org'}]",           ,,,,,,bight,,,,,,,State Records (TLCM),State Records (TLCM)
53,Feature,Point,"[151.772136, -32.92757]",Newcastle Civic Theatre,Newcastle Civic Theatre,te7a1,NSW,1974-11-01,2022-06-08,152456400000.0,152456400000.0,-32.92757,151.772136,https://www.ausstage.edu.au/pages/venue/623,https://ghap.tlcmap.org/search?id=te7a1,https://ghap.tlcmap.org/publicdatasets/379,,,"[{'text': 'TLCMap Record: te7a1', 'link': 'https://ghap.tlcmap.org/search?id=te7a1'}, {'text': 'TLCMap Layer', 'link': 'https://ghap.tlcmap.org/publicdatasets/379'}]",A venue from The Australian Live Performance Database 'AusStage'.,623,375 Hunter Street,Newcastle,2300,,,,,,,,,,
54,Feature,Point,"[151.777568, -32.927201]",Newcastle Community Theatre,Newcastle Community Theatre,tf1c2,NSW,1933-01-01,1935-01-01,-1167645600000.0,-1167645600000.0,-32.927201,151.777568,https://www.ausstage.edu.au/pages/venue/10663,https://ghap.tlcmap.org/search?id=tf1c2,https://ghap.tlcmap.org/publicdatasets/379,,,"[{'text': 'TLCMap Record: tf1c2', 'link': 'https://ghap.tlcmap.org/search?id=tf1c2'}, {'text': 'TLCMap Layer', 'link': 'https://ghap.tlcmap.org/publicdatasets/379'}]",A venue from The Australian Live Performance Database 'AusStage'.,10663,155-157 King Street,Newcastle,2300,,,,,,,,,,
55,Feature,Point,"[151.761073, -32.928093]",Newcastle Bus Stops,Newcastle Bus Stops,tf5e9,NSW,2006-12-02,2006-12-20,1164978000000.0,1164978000000.0,-32.928093,151.761073,https://www.ausstage.edu.au/pages/venue/11896,https://ghap.tlcmap.org/search?id=tf5e9,https://ghap.tlcmap.org/publicdatasets/379,,,"[{'text': 'TLCMap Record: tf5e9', 'link': 'https://ghap.tlcmap.org/search?id=tf5e9'}, {'text': 'TLCMap Layer', 'link': 'https://ghap.tlcmap.org/publicdatasets/379'}]",A venue from The Australian Live Performance Database 'AusStage'.,11896,,Newcastle,2300,,,,,,,,,,
56,Feature,Point,"[151.781073, -32.927036]",Newcastle Mall,Newcastle Mall,tf40e,NSW,2004-04-21,2007-09-30,1082469600000.0,1082469600000.0,-32.927036,151.781073,https://www.ausstage.edu.au/pages/venue/11341,https://ghap.tlcmap.org/search?id=tf40e,https://ghap.tlcmap.org/publicdatasets/379,,,"[{'text': 'TLCMap Record: tf40e', 'link': 'https://ghap.tlcmap.org/search?id=tf40e'}, {'text': 'TLCMap Layer', 'link': 'https://ghap.tlcmap.org/publicdatasets/379'}]",A venue from The Australian Live Performance Database 'AusStage'.,11341,Cnr Hunter and Wolfe Streets,Newcastle,2300,,,,,,,,,,
57,Feature,Point,"[151.771381, -32.925728]",Newcastle Region Maritime Museum,Newcastle Region Maritime Museum,tf40d,NSW,2007-11-23,2010-05-08,1195736400000.0,1195736400000.0,-32.925728,151.771381,https://www.ausstage.edu.au/pages/venue/11339,https://ghap.tlcmap.org/search?id=tf40d,https://ghap.tlcmap.org/publicdatasets/379,,,"[{'text': 'TLCMap Record: tf40d', 'link': 'https://ghap.tlcmap.org/search?id=tf40d'}, {'text': 'TLCMap Layer', 'link': 'https://ghap.tlcmap.org/publicdatasets/379'}]",A venue from The Australian Live Performance Database 'AusStage'.,11339,3 Honeysuckle Drive,Newcastle,2300,,,,,,,,,,
58,Feature,Point,"[151.696975, -32.894641]",Newcastle Technical College Students Union Hall,Newcastle Technical College Students Union Hall,tf208,NSW,1979-09-01,1990-07-14,304956000000.0,304956000000.0,-32.894641,151.696975,https://www.ausstage.edu.au/pages/venue/10740,https://ghap.tlcmap.org/search?id=tf208,https://ghap.tlcmap.org/publicdatasets/379,,,"[{'text': 'TLCMap Record: tf208', 'link': 'https://ghap.tlcmap.org/search?id=tf208'}, {'text': 'TLCMap Layer', 'link': 'https://ghap.tlcmap.org/publicdatasets/379'}]",A venue from The Australian Live Performance Database 'AusStage'.,10740,,Newcastle,2300,,,,,,,,,,
59,Feature,Point,"[151.76075, -32.928142]",Newcastle Stadium Theatre,Newcastle Stadium Theatre,tf1dc,NSW,1954-09-20,1957-11-01,-482320800000.0,-482320800000.0,-32.928142,151.76075,https://www.ausstage.edu.au/pages/venue/10689,https://ghap.tlcmap.org/search?id=tf1dc,https://ghap.tlcmap.org/publicdatasets/379,,,"[{'text': 'TLCMap Record: tf1dc', 'link': 'https://ghap.tlcmap.org/search?id=tf1dc'}, {'text': 'TLCMap Layer', 'link': 'https://ghap.tlcmap.org/publicdatasets/379'}]",A venue from The Australian Live Performance Database 'AusStage'.,10689,,Newcastle,2300,,,,,,,,,,
60,Feature,Point,"[151.772233, -32.927937]",Newcastle Town Hall,Newcastle Town Hall,tf1d9,NSW,1932-10-05,1932-10-05,-1175248800000.0,-1175248800000.0,-32.927937,151.772233,https://www.ausstage.edu.au/pages/venue/10686,https://ghap.tlcmap.org/search?id=tf1d9,https://ghap.tlcmap.org/publicdatasets/379,,,"[{'text': 'TLCMap Record: tf1d9', 'link': 'https://ghap.tlcmap.org/search?id=tf1d9'}, {'text': 'TLCMap Layer', 'link': 'https://ghap.tlcmap.org/publicdatasets/379'}]",A venue from The Australian Live Performance Database 'AusStage'.,10686,King Street,Newcastle,2300,,,,,,,,,,
61,Feature,Point,"[151.7678027, -32.92341785]",Newcastle Technical College,Newcastle Technical College,n83a47,NSW,,,,,-32.92341785,151.7678027,,https://ghap.tlcmap.org/search?id=n83a47,https://ghap.tlcmap.org,,,"[{'text': 'TLCMap Record: n83a47', 'link': 'https://ghap.tlcmap.org/search?id=n83a47'}, {'text': 'TLCMap Layer', 'link': 'https://ghap.tlcmap.org'}]",,,,,,,further education,education,society,NSW,2021-07-13,,,,
62,Feature,Point,"[151.73447, -32.89841779]",Newcastle Technical College,Newcastle Technical College,n83a46,NSW,,,,,-32.89841779,151.73447,,https://ghap.tlcmap.org/search?id=n83a46,https://ghap.tlcmap.org,,,"[{'text': 'TLCMap Record: n83a46', 'link': 'https://ghap.tlcmap.org/search?id=n83a46'}, {'text': 'TLCMap Layer', 'link': 'https://ghap.tlcmap.org'}]",,,,,,,further education,education,society,NSW,2021-07-13,,,,
63,Feature,Point,"[151.773038, -32.929301]",Newcastle Region Art Gallery,Newcastle Region Art Gallery,tf19e,NSW,1977-08-08,1998-01-11,239810400000.0,239810400000.0,-32.929301,151.773038,https://www.ausstage.edu.au/pages/venue/10622,https://ghap.tlcmap.org/search?id=tf19e,https://ghap.tlcmap.org/publicdatasets/379,,,"[{'text': 'TLCMap Record: tf19e', 'link': 'https://ghap.tlcmap.org/search?id=tf19e'}, {'text': 'TLCMap Layer', 'link': 'https://ghap.tlcmap.org/publicdatasets/379'}]",A venue from The Australian Live Performance Database 'AusStage'.,10622,Laman Street,Newcastle,2300,,,,,,,,,,
64,Feature,Point,"[151.762256, -32.935242]",Newcastle Grammar Performance Hall,Newcastle Grammar Performance Hall,tf17d,NSW,2004-01-28,2004-02-14,1075208400000.0,1075208400000.0,-32.935242,151.762256,https://www.ausstage.edu.au/pages/venue/10584,https://ghap.tlcmap.org/search?id=tf17d,https://ghap.tlcmap.org/publicdatasets/379,,,"[{'text': 'TLCMap Record: tf17d', 'link': 'https://ghap.tlcmap.org/search?id=tf17d'}, {'text': 'TLCMap Layer', 'link': 'https://ghap.tlcmap.org/publicdatasets/379'}]",A venue from The Australian Live Performance Database 'AusStage'.,10584,Parkway Avenue,Cooks Hill,2300,,,,,,,,,,
65,Feature,Point,"[151.758192, -32.925341]",Newcastle Regional Museum,Newcastle Regional Museum,tecf4,NSW,1992-07-13,2001-10-20,710949600000.0,710949600000.0,-32.925341,151.758192,https://www.ausstage.edu.au/pages/venue/3904,https://ghap.tlcmap.org/search?id=tecf4,https://ghap.tlcmap.org/publicdatasets/379,,,"[{'text': 'TLCMap Record: tecf4', 'link': 'https://ghap.tlcmap.org/search?id=tecf4'}, {'text': 'TLCMap Layer', 'link': 'https://ghap.tlcmap.org/publicdatasets/379'}]",A venue from The Australian Live Performance Database 'AusStage'.,3904,787 Hunter Street,Newcastle West,2302,,,,,,,,,,
66,Feature,Point,"[151.697764, -32.892514]",Newcastle College of Advanced Education,Newcastle College of Advanced Education,tf0c0,NSW,1982-10-06,1985-06-08,402674400000.0,402674400000.0,-32.892514,151.697764,https://www.ausstage.edu.au/pages/venue/10369,https://ghap.tlcmap.org/search?id=tf0c0,https://ghap.tlcmap.org/publicdatasets/379,,,"[{'text': 'TLCMap Record: tf0c0', 'link': 'https://ghap.tlcmap.org/search?id=tf0c0'}, {'text': 'TLCMap Layer', 'link': 'https://ghap.tlcmap.org/publicdatasets/379'}]",A venue from The Australian Live Performance Database 'AusStage'.,10369,,Newcastle,2300,,,,,,,,,,
67,Feature,Point,"[151.78074858103, -32.92833640725]",Newcastle Region Schools,Newcastle Region Schools,tf08a,NSW,1959-01-01,2002-05-31,-347191200000.0,-347191200000.0,-32.92833640725,151.78074858103,https://www.ausstage.edu.au/pages/venue/10260,https://ghap.tlcmap.org/search?id=tf08a,https://ghap.tlcmap.org/publicdatasets/379,,,"[{'text': 'TLCMap Record: tf08a', 'link': 'https://ghap.tlcmap.org/search?id=tf08a'}, {'text': 'TLCMap Layer', 'link': 'https://ghap.tlcmap.org/publicdatasets/379'}]",A venue from The Australian Live Performance Database 'AusStage'.,10260,,Newcastle Region,2300,,,,,,,,,,
68,Feature,Point,"[151.781169, -32.926301]",Newcastle RSL Club,Newcastle RSL Club,tf07b,NSW,1987-10-07,2004-02-09,560527200000.0,560527200000.0,-32.926301,151.781169,https://www.ausstage.edu.au/pages/venue/10234,https://ghap.tlcmap.org/search?id=tf07b,https://ghap.tlcmap.org/publicdatasets/379,,,"[{'text': 'TLCMap Record: tf07b', 'link': 'https://ghap.tlcmap.org/search?id=tf07b'}, {'text': 'TLCMap Layer', 'link': 'https://ghap.tlcmap.org/publicdatasets/379'}]",A venue from The Australian Live Performance Database 'AusStage'.,10234,171 Scott Street,Newcastle,2300,,,,,,,,,,
69,Feature,Point,"[151.771316, -32.92523]",Newcastle State Dockyards,Newcastle State Dockyards,tf065,NSW,1985-09-01,2004-02-09,494344800000.0,494344800000.0,-32.92523,151.771316,https://www.ausstage.edu.au/pages/venue/10176,https://ghap.tlcmap.org/search?id=tf065,https://ghap.tlcmap.org/publicdatasets/379,,,"[{'text': 'TLCMap Record: tf065', 'link': 'https://ghap.tlcmap.org/search?id=tf065'}, {'text': 'TLCMap Layer', 'link': 'https://ghap.tlcmap.org/publicdatasets/379'}]",A venue from The Australian Live Performance Database 'AusStage'.,10176,Honeysuckle Drive,Newcastle,2300,,,,,,,,,,
70,Feature,Point,"[151.7844691, -32.9317512]",Newcastle Beach,Newcastle Beach,n839d0,NSW,,,,,-32.9317512,151.7844691,,https://ghap.tlcmap.org/search?id=n839d0,https://ghap.tlcmap.org,,,"[{'text': 'TLCMap Record: n839d0', 'link': 'https://ghap.tlcmap.org/search?id=n839d0'}, {'text': 'TLCMap Layer', 'link': 'https://ghap.tlcmap.org'}]",,,,,,,beach,landform,terrain,NSW,2021-07-13,,,,
71,Feature,Point,"[151.787011, -32.929299]",Newcastle Beach,Newcastle Beach,tf63e,NSW,2008-04-10,2008-04-12,1207749600000.0,1207749600000.0,-32.929299,151.787011,https://www.ausstage.edu.au/pages/venue/11988,https://ghap.tlcmap.org/search?id=tf63e,https://ghap.tlcmap.org/publicdatasets/379,,,"[{'text': 'TLCMap Record: tf63e', 'link': 'https://ghap.tlcmap.org/search?id=tf63e'}, {'text': 'TLCMap Layer', 'link': 'https://ghap.tlcmap.org/publicdatasets/379'}]",A venue from The Australian Live Performance Database 'AusStage'.,11988,Shortland Esplanade,Newcastle East,2300,,,,,,,,,,
72,Feature,Point,"[151.70859, -32.91091]",Newcastle Theatre Company,Newcastle Theatre Company,tf881,NSW,2010-01-08,2018-02-03,1262869200000.0,1262869200000.0,-32.91091,151.70859,https://www.ausstage.edu.au/pages/venue/13635,https://ghap.tlcmap.org/search?id=tf881,https://ghap.tlcmap.org/publicdatasets/379,,,"[{'text': 'TLCMap Record: tf881', 'link': 'https://ghap.tlcmap.org/search?id=tf881'}, {'text': 'TLCMap Layer', 'link': 'https://ghap.tlcmap.org/publicdatasets/379'}]",A venue from The Australian Live Performance Database 'AusStage'.,13635,90 De Vitre Street,Lambton,2299,,,,,,,,,,
73,Feature,Point,"[151.772374, -32.925956]",Newcastle Museum,Newcastle Museum,t115d8,NSW,2022-09-25,2022-09-25,1664028000000.0,1664028000000.0,-32.925956,151.772374,https://www.ausstage.edu.au/pages/venue/21762,https://ghap.tlcmap.org/search?id=t115d8,https://ghap.tlcmap.org/publicdatasets/379,,,"[{'text': 'TLCMap Record: t115d8', 'link': 'https://ghap.tlcmap.org/search?id=t115d8'}, {'text': 'TLCMap Layer', 'link': 'https://ghap.tlcmap.org/publicdatasets/379'}]",A venue from The Australian Live Performance Database 'AusStage'.,21762,6 Workshop Way,Newcastle,2300,,,,,,,,,,
74,Feature,Point,"[151.7011372, -32.88175096]",Newcastle College of Advanced Education,Newcastle College of Advanced Education,n839d1,NSW,,,,,-32.88175096,151.7011372,,https://ghap.tlcmap.org/search?id=n839d1,https://ghap.tlcmap.org,,,"[{'text': 'TLCMap Record: n839d1', 'link': 'https://ghap.tlcmap.org/search?id=n839d1'}, {'text': 'TLCMap Layer', 'link': 'https://ghap.tlcmap.org'}]",,,,,,,further education,education,society,NSW,2021-07-13,,,,
75,Feature,Point,"[151.7678027, -32.9150845]",Newcastle Ferry Terminal,Newcastle Ferry Terminal,n839d3,NSW,,,,,-32.9150845,151.7678027,,https://ghap.tlcmap.org/search?id=n839d3,https://ghap.tlcmap.org,,,"[{'text': 'TLCMap Record: n839d3', 'link': 'https://ghap.tlcmap.org/search?id=n839d3'}, {'text': 'TLCMap Layer', 'link': 'https://ghap.tlcmap.org'}]",,,,,,,wharf,water,transport,NSW,2021-07-13,,,,
76,Feature,Point,"[151.7844692, -32.92341786]",Newcastle Harbour,Newcastle Harbour,n839d4,NSW,,,,,-32.92341786,151.7844692,,https://ghap.tlcmap.org/search?id=n839d4,https://ghap.tlcmap.org,,,"[{'text': 'TLCMap Record: n839d4', 'link': 'https://ghap.tlcmap.org/search?id=n839d4'}, {'text': 'TLCMap Layer', 'link': 'https://ghap.tlcmap.org'}]",,,,,,,harbour,water infrastructure,hydrology,NSW,2021-07-13,,,,
77,Feature,Point,"[151.7511363, -32.91508449]",Newcastle High School,Newcastle High School,n839d5,NSW,,,,,-32.91508449,151.7511363,,https://ghap.tlcmap.org/search?id=n839d5,https://ghap.tlcmap.org,,,"[{'text': 'TLCMap Record: n839d5', 'link': 'https://ghap.tlcmap.org/search?id=n839d5'}, {'text': 'TLCMap Layer', 'link': 'https://ghap.tlcmap.org'}]",,,,,,,secondary school,education,society,NSW,2021-07-13,,,,
78,Feature,Point,"[151.7594695, -32.93175119]",Newcastle High School,Newcastle High School,n839d6,NSW,,,,,-32.93175119,151.7594695,,https://ghap.tlcmap.org/search?id=n839d6,https://ghap.tlcmap.org,,,"[{'text': 'TLCMap Record: n839d6', 'link': 'https://ghap.tlcmap.org/search?id=n839d6'}, {'text': 'TLCMap Layer', 'link': 'https://ghap.tlcmap.org'}]",,,,,,,secondary school,education,society,NSW,2021-07-13,,,,
79,Feature,Point,"[151.3178125, -33.13175409]",Newcastle National Forest,Newcastle National Forest,n839d7,NSW,,,,,-33.13175409,151.3178125,,https://ghap.tlcmap.org/search?id=n839d7,https://ghap.tlcmap.org,,,"[{'text': 'TLCMap Record: n839d7', 'link': 'https://ghap.tlcmap.org/search?id=n839d7'}, {'text': 'TLCMap Layer', 'link': 'https://ghap.tlcmap.org'}]",,,,,,,state forest,protected area,administration,NSW,2021-07-13,,,,
80,Feature,Point,"[151.7844691, -32.9317512]",Newcastle Post Office,Newcastle Post Office,n839d8,NSW,,,,,-32.9317512,151.7844691,,https://ghap.tlcmap.org/search?id=n839d8,https://ghap.tlcmap.org,,,"[{'text': 'TLCMap Record: n839d8', 'link': 'https://ghap.tlcmap.org/search?id=n839d8'}, {'text': 'TLCMap Layer', 'link': 'https://ghap.tlcmap.org'}]",,,,,,,post office,business,culture,NSW,2021-07-13,,,,
81,Feature,Point,"[151.655129, -32.923839]",Newcastle Rudolf Steiner School,Newcastle Rudolf Steiner School,t112fd,NSW,2018-06-23,,1529676000000.0,,-32.923839,151.655129,https://www.ausstage.edu.au/pages/venue/21012,https://ghap.tlcmap.org/search?id=t112fd,https://ghap.tlcmap.org/publicdatasets/379,,,"[{'text': 'TLCMap Record: t112fd', 'link': 'https://ghap.tlcmap.org/search?id=t112fd'}, {'text': 'TLCMap Layer', 'link': 'https://ghap.tlcmap.org/publicdatasets/379'}]",A venue from The Australian Live Performance Database 'AusStage'.,21012,30 Reservoir Rd,Glendale,2285,,,,,,,,,,
82,Feature,Point,"[151.7344699, -32.91508449]",Newcastle Showground,Newcastle Showground,n839dc,NSW,,,,,-32.91508449,151.7344699,,https://ghap.tlcmap.org/search?id=n839dc,https://ghap.tlcmap.org,,,"[{'text': 'TLCMap Record: n839dc', 'link': 'https://ghap.tlcmap.org/search?id=n839dc'}, {'text': 'TLCMap Layer', 'link': 'https://ghap.tlcmap.org'}]",,,,,,,park,community facility,culture,NSW,2021-07-13,,,,
83,Feature,Point,"[151.766523, -32.928508]",Newcastle Workers' Club,Newcastle Workers' Club,t10dbd,NSW,1981-01-01,,347115600000.0,,-32.928508,151.766523,https://www.ausstage.edu.au/pages/venue/19584,https://ghap.tlcmap.org/search?id=t10dbd,https://ghap.tlcmap.org/publicdatasets/379,,,"[{'text': 'TLCMap Record: t10dbd', 'link': 'https://ghap.tlcmap.org/search?id=t10dbd'}, {'text': 'TLCMap Layer', 'link': 'https://ghap.tlcmap.org/publicdatasets/379'}]",A venue from The Australian Live Performance Database 'AusStage'.,19584,"Wests City, Union St &amp; King Street",Newcastle,,,,,,,,,,,
84,Feature,Point,"[151.7678027, -32.9150845]",Newcastle Public School,Newcastle Public School,n839d9,NSW,,,,,-32.9150845,151.7678027,,https://ghap.tlcmap.org/search?id=n839d9,https://ghap.tlcmap.org,,,"[{'text': 'TLCMap Record: n839d9', 'link': 'https://ghap.tlcmap.org/search?id=n839d9'}, {'text': 'TLCMap Layer', 'link': 'https://ghap.tlcmap.org'}]",,,,,,,primary school,education,society,NSW,2021-07-13,,,,
85,Feature,Point,"[151.757774, -32.93228]",Newcastle High School,Newcastle High School,tfecf,NSW,2012-03-23,,1332421200000.0,,-32.93228,151.757774,https://www.ausstage.edu.au/pages/venue/15521,https://ghap.tlcmap.org/search?id=tfecf,https://ghap.tlcmap.org/publicdatasets/379,,,"[{'text': 'TLCMap Record: tfecf', 'link': 'https://ghap.tlcmap.org/search?id=tfecf'}, {'text': 'TLCMap Layer', 'link': 'https://ghap.tlcmap.org/publicdatasets/379'}]",A venue from The Australian Live Performance Database 'AusStage'.,15521,Parkway Avenue,Hamilton South,2303,,,,,,,,,,
86,Feature,Point,"[151.7344699, -32.91508449]",Newcastle Racecourse,Newcastle Racecourse,n839da,NSW,,,,,-32.91508449,151.7344699,,https://ghap.tlcmap.org/search?id=n839da,https://ghap.tlcmap.org,,,"[{'text': 'TLCMap Record: n839da', 'link': 'https://ghap.tlcmap.org/search?id=n839da'}, {'text': 'TLCMap Layer', 'link': 'https://ghap.tlcmap.org'}]",,,,,,,racecourse,business,culture,NSW,2021-07-13,,,,
87,Feature,Point,"[151.7844692, -32.92341786]",Newcastle Railway Station,Newcastle Railway Station,n839db,NSW,,,,,-32.92341786,151.7844692,,https://ghap.tlcmap.org/search?id=n839db,https://ghap.tlcmap.org,,,"[{'text': 'TLCMap Record: n839db', 'link': 'https://ghap.tlcmap.org/search?id=n839db'}, {'text': 'TLCMap Layer', 'link': 'https://ghap.tlcmap.org'}]",,,,,,,rail station,rail,transport,NSW,2021-07-13,,,,
88,Feature,Point,"[151.7597473, -32.92425115]",Newcastle Interchange Light Rail Stop,Newcastle Interchange Light Rail Stop,n70cf2,NSW,,,,,-32.92425115,151.7597473,,https://ghap.tlcmap.org/search?id=n70cf2,https://ghap.tlcmap.org,,,"[{'text': 'TLCMap Record: n70cf2', 'link': 'https://ghap.tlcmap.org/search?id=n70cf2'}, {'text': 'TLCMap Layer', 'link': 'https://ghap.tlcmap.org'}]",,,,,,,rail station,rail,transport,NSW,2021-07-13,,,,
89,Feature,Point,"[151.765025, -32.92952894]",NEWCASTLE CORS,NEWCASTLE CORS,n72023,NSW,,,,,-32.92952894,151.765025,,https://ghap.tlcmap.org/search?id=n72023,https://ghap.tlcmap.org,,,"[{'text': 'TLCMap Record: n72023', 'link': 'https://ghap.tlcmap.org/search?id=n72023'}, {'text': 'TLCMap Layer', 'link': 'https://ghap.tlcmap.org'}]",,,,,,,survey marker,landmark,culture,NSW,2021-07-13,,,,
90,Feature,Point,"[151.7886357, -32.92397339]",NEWCASTLE EAST CORS,NEWCASTLE EAST CORS,n72024,NSW,,,,,-32.92397339,151.7886357,,https://ghap.tlcmap.org/search?id=n72024,https://ghap.tlcmap.org,,,"[{'text': 'TLCMap Record: n72024', 'link': 'https://ghap.tlcmap.org/search?id=n72024'}, {'text': 'TLCMap Layer', 'link': 'https://ghap.tlcmap.org'}]",,,,,,,survey marker,landmark,culture,NSW,2021-07-13,,,,
91,Feature,Point,"[151.6844708, -32.88175103]",The University of Newcastle,The University of Newcastle,n76273,NSW,,,,,-32.88175103,151.6844708,,https://ghap.tlcmap.org/search?id=n76273,https://ghap.tlcmap.org,,,"[{'text': 'TLCMap Record: n76273', 'link': 'https://ghap.tlcmap.org/search?id=n76273'}, {'text': 'TLCMap Layer', 'link': 'https://ghap.tlcmap.org'}]",,,,,,,university,education,society,NSW,2021-07-13,,,,
92,Feature,Point,"[151.770833, -32.929143]","The University of Newcastle, Conservatorium Concert Hall ","The University of Newcastle, Conservatorium Concert Hall ",te781,NSW,1991-05-04,2009-09-27,673279200000.0,673279200000.0,-32.929143,151.770833,https://www.ausstage.edu.au/pages/venue/587,https://ghap.tlcmap.org/search?id=te781,https://ghap.tlcmap.org/publicdatasets/379,,,"[{'text': 'TLCMap Record: te781', 'link': 'https://ghap.tlcmap.org/search?id=te781'}, {'text': 'TLCMap Layer', 'link': 'https://ghap.tlcmap.org/publicdatasets/379'}]",A venue from The Australian Live Performance Database 'AusStage'.,587,Corner of King and Auckland Streets,Newcastle,2300,,,,,,,,,,
93,Feature,Point,"[151.698825, -32.893508]","The University of Newcastle, Drama Theatre","The University of Newcastle, Drama Theatre",ted33,NSW,1969-01-01,2009-09-19,-31572000000.0,-31572000000.0,-32.893508,151.698825,https://www.ausstage.edu.au/pages/venue/3975,https://ghap.tlcmap.org/search?id=ted33,https://ghap.tlcmap.org/publicdatasets/379,,,"[{'text': 'TLCMap Record: ted33', 'link': 'https://ghap.tlcmap.org/search?id=ted33'}, {'text': 'TLCMap Layer', 'link': 'https://ghap.tlcmap.org/publicdatasets/379'}]",A venue from The Australian Live Performance Database 'AusStage'.,3975,University Drive,Callaghan,2308,,,,,,,,,,
94,Feature,Point,"[151.698503, -32.893618]","The University of Newcastle, Drama Studio","The University of Newcastle, Drama Studio",tee65,NSW,1982-04-02,2007-01-01,386514000000.0,386514000000.0,-32.893618,151.698503,https://www.ausstage.edu.au/pages/venue/4330,https://ghap.tlcmap.org/search?id=tee65,https://ghap.tlcmap.org/publicdatasets/379,,,"[{'text': 'TLCMap Record: tee65', 'link': 'https://ghap.tlcmap.org/search?id=tee65'}, {'text': 'TLCMap Layer', 'link': 'https://ghap.tlcmap.org/publicdatasets/379'}]",A venue from The Australian Live Performance Database 'AusStage'.,4330,University Drive,Callaghan,2308,,,,,,,,,,
95,Feature,Point,"[151.699155, -32.892804]","The University of Newcastle, Union Courtyard","The University of Newcastle, Union Courtyard",tf07c,NSW,1988-10-27,2004-02-09,593877600000.0,593877600000.0,-32.892804,151.699155,https://www.ausstage.edu.au/pages/venue/10237,https://ghap.tlcmap.org/search?id=tf07c,https://ghap.tlcmap.org/publicdatasets/379,,,"[{'text': 'TLCMap Record: tf07c', 'link': 'https://ghap.tlcmap.org/search?id=tf07c'}, {'text': 'TLCMap Layer', 'link': 'https://ghap.tlcmap.org/publicdatasets/379'}]",A venue from The Australian Live Performance Database 'AusStage'.,10237,University Drive,Callaghan,2308,,,,,,,,,,
96,Feature,Point,"[151.699131, -32.893513]","The University of Newcastle, Staff House","The University of Newcastle, Staff House",tf1b7,NSW,1977-11-09,1977-11-12,247842000000.0,247842000000.0,-32.893513,151.699131,https://www.ausstage.edu.au/pages/venue/10650,https://ghap.tlcmap.org/search?id=tf1b7,https://ghap.tlcmap.org/publicdatasets/379,,,"[{'text': 'TLCMap Record: tf1b7', 'link': 'https://ghap.tlcmap.org/search?id=tf1b7'}, {'text': 'TLCMap Layer', 'link': 'https://ghap.tlcmap.org/publicdatasets/379'}]",A venue from The Australian Live Performance Database 'AusStage'.,10650,University Drive,Callaghan,2308,,,,,,,,,,
97,Feature,Point,"[151.7709878, -32.9282326]","The University of Newcastle, Uni House Exhibition Space","The University of Newcastle, Uni House Exhibition Space",tf730,NSW,2000-10-12,2000-10-15,971269200000.0,971269200000.0,-32.9282326,151.7709878,https://www.ausstage.edu.au/pages/venue/13261,https://ghap.tlcmap.org/search?id=tf730,https://ghap.tlcmap.org/publicdatasets/379,,,"[{'text': 'TLCMap Record: tf730', 'link': 'https://ghap.tlcmap.org/search?id=tf730'}, {'text': 'TLCMap Layer', 'link': 'https://ghap.tlcmap.org/publicdatasets/379'}]",A venue from The Australian Live Performance Database 'AusStage'.,13261,Corner King and Auckland Streets,Newcastle,2300,,,,,,,,,,
98,Feature,Point,"[151.74521708575, -32.90631147965]","River banks of Newcastle, near Mayfield","River banks of Newcastle, near Mayfield",tfab3,NSW,,,,,-32.90631147965,151.74521708575,https://www.ausstage.edu.au/pages/venue/14297,https://ghap.tlcmap.org/search?id=tfab3,https://ghap.tlcmap.org/publicdatasets/379,,,"[{'text': 'TLCMap Record: tfab3', 'link': 'https://ghap.tlcmap.org/search?id=tfab3'}, {'text': 'TLCMap Layer', 'link': 'https://ghap.tlcmap.org/publicdatasets/379'}]",A venue from The Australian Live Performance Database 'AusStage'.,14297,Near Throsby Creek,Mayfield,2304,,,,,,,,,,
99,Feature,Point,"[151.68444444444444, -32.88166666666667]",The University of Newcastle,The University of Newcastle,a1599f,NSW,,,,,-32.88166666666667,151.68444444444444,,https://ghap.tlcmap.org/search?id=a1599f,https://ghap.tlcmap.org,,,"[{'text': 'TLCMap Record: a1599f', 'link': 'https://ghap.tlcmap.org/search?id=a1599f'}, {'text': 'TLCMap Layer', 'link': 'https://ghap.tlcmap.org'}]","A University in Rankin Drive, SHORTLAND.           ",,,,,,university,,,,,NEWCASTLE,NEWCASTLE,State Records (TLCM),State Records (TLCM)
100,Feature,Point,"[151.69751, -32.89658]",The University of Newcastle,The University of Newcastle,tfb83,NSW,1976-05-27,,201967200000.0,,-32.89658,151.69751,https://www.ausstage.edu.au/pages/venue/14559,https://ghap.tlcmap.org/search?id=tfb83,https://ghap.tlcmap.org/publicdatasets/379,,,"[{'text': 'TLCMap Record: tfb83', 'link': 'https://ghap.tlcmap.org/search?id=tfb83'}, {'text': 'TLCMap Layer', 'link': 'https://ghap.tlcmap.org/publicdatasets/379'}]",A venue from The Australian Live Performance Database 'AusStage'.,14559,University Drive,Callaghan,2308,,,,,,,,,,
101,Feature,Point,"[151.78444444444443, -32.931666666666665]",City Of Newcastle,City Of Newcastle,a40dc,NSW,,,,,-32.931666666666665,151.78444444444443,,https://ghap.tlcmap.org/search?id=a40dc,https://ghap.tlcmap.org,,,"[{'text': 'TLCMap Record: a40dc', 'link': 'https://ghap.tlcmap.org/search?id=a40dc'}, {'text': 'TLCMap Layer', 'link': 'https://ghap.tlcmap.org'}]",           ,,,,,,city,,,,,,,"State Records (TLCM)
1. Cessnock 1826 - 1954; Type: Book; Author: Bloomfield, W.A.; Place: Cessnock; ANPS Library: N; Status: Secondary; ANPS Source ID: 737;","State Records (TLCM)
1. Cessnock 1826 - 1954; Type: Book; Author: Bloomfield, W.A.; Place: Cessnock; ANPS Library: N; Status: Secondary; ANPS Source ID: 737;"
102,Feature,Point,"[151.750991, -32.941104]",South Newcastle Leagues Club,South Newcastle Leagues Club,tf07a,NSW,1986-11-11,1986-11-11,532011600000.0,532011600000.0,-32.941104,151.750991,https://www.ausstage.edu.au/pages/venue/10233,https://ghap.tlcmap.org/search?id=tf07a,https://ghap.tlcmap.org/publicdatasets/379,,,"[{'text': 'TLCMap Record: tf07a', 'link': 'https://ghap.tlcmap.org/search?id=tf07a'}, {'text': 'TLCMap Layer', 'link': 'https://ghap.tlcmap.org/publicdatasets/379'}]",A venue from The Australian Live Performance Database 'AusStage'.,10233,Llewellyn Street,Merewether,2291,,,,,,,,,,
103,Feature,Point,"[151.76687, -32.92858]","Mary Gilmore Room, Newcastle Workers' Club","Mary Gilmore Room, Newcastle Workers' Club",tfaf4,NSW,1980-05-08,1982-09-30,326556000000.0,326556000000.0,-32.92858,151.76687,https://www.ausstage.edu.au/pages/venue/14375,https://ghap.tlcmap.org/search?id=tfaf4,https://ghap.tlcmap.org/publicdatasets/379,,,"[{'text': 'TLCMap Record: tfaf4', 'link': 'https://ghap.tlcmap.org/search?id=tfaf4'}, {'text': 'TLCMap Layer', 'link': 'https://ghap.tlcmap.org/publicdatasets/379'}]",A venue from The Australian Live Performance Database 'AusStage'.,14375,King Street,Newcastle,2302,,,,,,,,,,
104,Feature,Point,"[151.78444444444443, -32.931666666666665]",Royal Newcastle Hospital School,Royal Newcastle Hospital School,a155b6,NSW,,,,,-32.931666666666665,151.78444444444443,,https://ghap.tlcmap.org/search?id=a155b6,https://ghap.tlcmap.org,,,"[{'text': 'TLCMap Record: a155b6', 'link': 'https://ghap.tlcmap.org/search?id=a155b6'}, {'text': 'TLCMap Layer', 'link': 'https://ghap.tlcmap.org'}]","A class 4SSP school situated in the grounds of Royal Newcastle Hospital, situated in Telford Street, Newcastle.          ",,,,,,school,,,,,NEWCASTLE,NEWCASTLE,State Records (TLCM),State Records (TLCM)
105,Feature,Point,"[151.770014, -32.92833]","Namatjira Room, Newcastle Workers' Club","Namatjira Room, Newcastle Workers' Club",t103d9,NSW,1979-10-01,,307548000000.0,,-32.92833,151.770014,https://www.ausstage.edu.au/pages/venue/16915,https://ghap.tlcmap.org/search?id=t103d9,https://ghap.tlcmap.org/publicdatasets/379,,,"[{'text': 'TLCMap Record: t103d9', 'link': 'https://ghap.tlcmap.org/search?id=t103d9'}, {'text': 'TLCMap Layer', 'link': 'https://ghap.tlcmap.org/publicdatasets/379'}]",A venue from The Australian Live Performance Database 'AusStage'.,16915,King and Union Streets,Newcastle,2300,,,,,,,,,,
106,Feature,Point,"[0, 0]",New Castle,New Castle,a6efe9,NSW,,,,,,,,https://ghap.tlcmap.org/search?id=a6efe9,https://ghap.tlcmap.org,,,"[{'text': 'TLCMap Record: a6efe9', 'link': 'https://ghap.tlcmap.org/search?id=a6efe9'}, {'text': 'TLCMap Layer', 'link': 'https://ghap.tlcmap.org'}]",,,,,,,,,,,,,,"1. A Voyage to Terra Australis; Undertaken for the purpose of completing the discovery of that vast country, and prosecuted in the years 1801, 1802, and 1803; Type: Book; Author: Flinders, Matthew; Publisher: G. and W. Nicol. /  [Libraries board of South Australia]; Place: London /  [Adelaide]; Status: Primary; Notes:  Vols I & II. [Australiana Facsimile Editions No.37]; and Project Gutenberg Ebook #12929, #13121; ANPS Source ID: 249;","1. A Voyage to Terra Australis; Undertaken for the purpose of completing the discovery of that vast country, and prosecuted in the years 1801, 1802, and 1803; Type: Book; Author: Flinders, Matthew; Publisher: G. and W. Nicol. /  [Libraries board of South Australia]; Place: London /  [Adelaide]; Status: Primary; Notes:  Vols I & II. [Australiana Facsimile Editions No.37]; and Project Gutenberg Ebook #12929, #13121; ANPS Source ID: 249;"
107,Feature,Point,"[150.2011882, -35.29843254]",The Castle,The Castle,n6f802,NSW,,,,,-35.29843254,150.2011882,,https://ghap.tlcmap.org/search?id=n6f802,https://ghap.tlcmap.org,,,"[{'text': 'TLCMap Record: n6f802', 'link': 'https://ghap.tlcmap.org/search?id=n6f802'}, {'text': 'TLCMap Layer', 'link': 'https://ghap.tlcmap.org'}]",,,,,,,hill,landform,terrain,NSW,2021-07-13,,,,
108,Feature,Point,"[151.3178012, -32.0150856]",Oldcastle,Oldcastle,n83e1a,NSW,,,,,-32.0150856,151.3178012,,https://ghap.tlcmap.org/search?id=n83e1a,https://ghap.tlcmap.org,,,"[{'text': 'TLCMap Record: n83e1a', 'link': 'https://ghap.tlcmap.org/search?id=n83e1a'}, {'text': 'TLCMap Layer', 'link': 'https://ghap.tlcmap.org'}]",,,,,,,parish,administrative area,administration,NSW,2021-07-13,,,,
109,Feature,Point,"[151.31777777777776, -32.015]",Oldcastle,Oldcastle,ad3b3,NSW,,,,,-32.015,151.31777777777776,,https://ghap.tlcmap.org/search?id=ad3b3,https://ghap.tlcmap.org,,,"[{'text': 'TLCMap Record: ad3b3', 'link': 'https://ghap.tlcmap.org/search?id=ad3b3'}, {'text': 'TLCMap Layer', 'link': 'https://ghap.tlcmap.org'}]",A lands administrative division.           ,,,,,,parish,,,,,OLDCASTLE,SCONE,State Records (TLCM),State Records (TLCM)
110,Feature,Point,"[150.2011111111111, -35.29833333333333]",The Castle,The Castle,a1105c,NSW,,,,,-35.29833333333333,150.2011111111111,,https://ghap.tlcmap.org/search?id=a1105c,https://ghap.tlcmap.org,,,"[{'text': 'TLCMap Record: a1105c', 'link': 'https://ghap.tlcmap.org/search?id=a1105c'}, {'text': 'TLCMap Layer', 'link': 'https://ghap.tlcmap.org'}]","A rocky eminence overlooking the valley of the Clyde and Yadboro Rivers, surrounded by an escarpment rising up to 400 feet. It is about 4km north west of the junction of yadboro River with the Clyde River.        ",,,,,,mesa,,,,,ENDRICK,SHOALHAVEN,"State Records (TLCM)
1. Geographical Names Register; Type: Website; Publisher: Geographical Names Board of New South Wales; Place: www.gnb.nsw.gov.au; ANPS Library: N; Status: Primary; ANPS Source ID: 935;","State Records (TLCM)
1. Geographical Names Register; Type: Website; Publisher: Geographical Names Board of New South Wales; Place: www.gnb.nsw.gov.au; ANPS Library: N; Status: Primary; ANPS Source ID: 935;"
111,Feature,Point,"[149.7178321, -32.78176775]",The Castle,The Castle,n6f801,NSW,,,,,-32.78176775,149.7178321,,https://ghap.tlcmap.org/search?id=n6f801,https://ghap.tlcmap.org,,,"[{'text': 'TLCMap Record: n6f801', 'link': 'https://ghap.tlcmap.org/search?id=n6f801'}, {'text': 'TLCMap Layer', 'link': 'https://ghap.tlcmap.org'}]",,,,,,,hill,landform,terrain,NSW,2021-07-13,,,,
112,Feature,Point,"[149.71777777777777, -32.781666666666666]",The Castle,The Castle,a1105b,NSW,,,,,-32.781666666666666,149.71777777777777,,https://ghap.tlcmap.org/search?id=a1105b,https://ghap.tlcmap.org,,,"[{'text': 'TLCMap Record: a1105b', 'link': 'https://ghap.tlcmap.org/search?id=a1105b'}, {'text': 'TLCMap Layer', 'link': 'https://ghap.tlcmap.org'}]",A hill rising about 120 metres from Four Mile Creek. It is about 2 km NNE of Bocable and about 3 kms WSW of Gulgomree.          ,,,,,,hill,,,,,TANNABUTTA,MUDGEE,State Records (TLCM),State Records (TLCM)
113,Feature,Point,"[151.0178229, -33.70675704]",Castle,Castle,n6f6cd,NSW,,,,,-33.70675704,151.0178229,,https://ghap.tlcmap.org/search?id=n6f6cd,https://ghap.tlcmap.org,,,"[{'text': 'TLCMap Record: n6f6cd', 'link': 'https://ghap.tlcmap.org/search?id=n6f6cd'}, {'text': 'TLCMap Layer', 'link': 'https://ghap.tlcmap.org'}]",,,,,,,survey marker,landmark,culture,NSW,2021-07-13,,,,
114,Feature,Point,"[150.2011882, -35.29843254]",Castle Gap,Castle Gap,n6f759,NSW,,,,,-35.29843254,150.2011882,,https://ghap.tlcmap.org/search?id=n6f759,https://ghap.tlcmap.org,,,"[{'text': 'TLCMap Record: n6f759', 'link': 'https://ghap.tlcmap.org/search?id=n6f759'}, {'text': 'TLCMap Layer', 'link': 'https://ghap.tlcmap.org'}]",,,,,,,pass,landform,terrain,NSW,2021-07-13,,,,
115,Feature,Point,"[150.751145, -32.19842423]",Castle Gap,Castle Gap,n6f758,NSW,,,,,-32.19842423,150.751145,,https://ghap.tlcmap.org/search?id=n6f758,https://ghap.tlcmap.org,,,"[{'text': 'TLCMap Record: n6f758', 'link': 'https://ghap.tlcmap.org/search?id=n6f758'}, {'text': 'TLCMap Layer', 'link': 'https://ghap.tlcmap.org'}]",,,,,,,pass,landform,terrain,NSW,2021-07-13,,,,
116,Feature,Point,"[149.5678284, -31.99843128]",Old Castle,Old Castle,n83e1b,NSW,,,,,-31.99843128,149.5678284,,https://ghap.tlcmap.org/search?id=n83e1b,https://ghap.tlcmap.org,,,"[{'text': 'TLCMap Record: n83e1b', 'link': 'https://ghap.tlcmap.org/search?id=n83e1b'}, {'text': 'TLCMap Layer', 'link': 'https://ghap.tlcmap.org'}]",,,,,,,peak,landform,terrain,NSW,2021-07-13,,,,
117,Feature,Point,"[151.2261513, -33.6067554]",Castle Bay,Castle Bay,n6f6d0,NSW,,,,,-33.6067554,151.2261513,,https://ghap.tlcmap.org/search?id=n6f6d0,https://ghap.tlcmap.org,,,"[{'text': 'TLCMap Record: n6f6d0', 'link': 'https://ghap.tlcmap.org/search?id=n6f6d0'}, {'text': 'TLCMap Layer', 'link': 'https://ghap.tlcmap.org'}]",,,,,,,bay,waterbody,hydrology,NSW,2021-07-13,,,,
118,Feature,Point,"[151.2178201, -33.78175512]",Castle Cove,Castle Cove,n711f7,NSW,,,,,-33.78175512,151.2178201,,https://ghap.tlcmap.org/search?id=n711f7,https://ghap.tlcmap.org,,,"[{'text': 'TLCMap Record: n711f7', 'link': 'https://ghap.tlcmap.org/search?id=n711f7'}, {'text': 'TLCMap Layer', 'link': 'https://ghap.tlcmap.org'}]",,,,,,,bay,waterbody,hydrology,NSW,2021-07-13,,,,
119,Feature,Point,"[151.2011538, -33.78175527]",Castle Cove,Castle Cove,n711f8,NSW,,,,,-33.78175527,151.2011538,,https://ghap.tlcmap.org/search?id=n711f8,https://ghap.tlcmap.org,,,"[{'text': 'TLCMap Record: n711f8', 'link': 'https://ghap.tlcmap.org/search?id=n711f8'}, {'text': 'TLCMap Layer', 'link': 'https://ghap.tlcmap.org'}]",,,,,,,locality,administrative area,administration,NSW,2021-07-13,,,,
120,Feature,Point,"[151.2011111111111, -33.781666666666666]",Castle Cove,Castle Cove,a3cba,NSW,,,,,-33.781666666666666,151.2011111111111,,https://ghap.tlcmap.org/search?id=a3cba,https://ghap.tlcmap.org,,,"[{'text': 'TLCMap Record: a3cba', 'link': 'https://ghap.tlcmap.org/search?id=a3cba'}, {'text': 'TLCMap Layer', 'link': 'https://ghap.tlcmap.org'}]","A neighbourhood about 1 km SSW of Killarney Heights and located on the Peninsula formed by Middle Harbour to the north and east, and Sugarloaf Bay to the south.  Boundaries within the Willoughby Council area shown on map GNB3554.       ",,,,,,suburb,,,,,WILLOUGHBY,WILLOUGHBY,State Records (TLCM),State Records (TLCM)
121,Feature,Point,"[149.609505, -32.592159]",Castle-lea,Castle-lea,a4e13d,NSW,,,,,-32.592159,149.609505,,https://ghap.tlcmap.org/search?id=a4e13d,https://ghap.tlcmap.org,,,"[{'text': 'TLCMap Record: a4e13d', 'link': 'https://ghap.tlcmap.org/search?id=a4e13d'}, {'text': 'TLCMap Layer', 'link': 'https://ghap.tlcmap.org'}]",,,,,,,homestead,,,,,,,State Records (ANPS),State Records (ANPS)
122,Feature,Point,"[151.21777777777777, -33.781666666666666]",Castle Cove,Castle Cove,a3cb9,NSW,,,,,-33.781666666666666,151.21777777777777,,https://ghap.tlcmap.org/search?id=a3cb9,https://ghap.tlcmap.org,,,"[{'text': 'TLCMap Record: a3cb9', 'link': 'https://ghap.tlcmap.org/search?id=a3cb9'}, {'text': 'TLCMap Layer', 'link': 'https://ghap.tlcmap.org'}]","A cove in Sugarloaf Bay, lying just to the south of the neighbourhood of Castle Cove.          ",,,,,,cove,,,,,WILLOUGHBY,WILLOUGHBY,State Records (TLCM),State Records (TLCM)
123,Feature,Point,"[150.01777777777778, -30.115000000000002]",Castle Top,Castle Top,a30c3,NSW,,,,,-30.115000000000002,150.01777777777778,,https://ghap.tlcmap.org/search?id=a30c3,https://ghap.tlcmap.org,,,"[{'text': 'TLCMap Record: a30c3', 'link': 'https://ghap.tlcmap.org/search?id=a30c3'}, {'text': 'TLCMap Layer', 'link': 'https://ghap.tlcmap.org'}]",A major trigonometrical station on Castle Top Mountain.           ,,,,,,trig station,,,,,COWIMANGARAH,NARRABRI,State Records (TLCM),State Records (TLCM)
124,Feature,Point,"[149.03444444444443, -31.331666666666667]",Castle Top,Castle Top,a30c4,NSW,,,,,-31.331666666666667,149.03444444444443,,https://ghap.tlcmap.org/search?id=a30c4,https://ghap.tlcmap.org,,,"[{'text': 'TLCMap Record: a30c4', 'link': 'https://ghap.tlcmap.org/search?id=a30c4'}, {'text': 'TLCMap Layer', 'link': 'https://ghap.tlcmap.org'}]",           ,,,,,,mountain,,,,,,,State Records (TLCM),State Records (TLCM)
125,Feature,Point,"[150.7511111111111, -32.19833333333333]",Castle Gap,Castle Gap,a2da0,NSW,,,,,-32.19833333333333,150.7511111111111,,https://ghap.tlcmap.org/search?id=a2da0,https://ghap.tlcmap.org,,,"[{'text': 'TLCMap Record: a2da0', 'link': 'https://ghap.tlcmap.org/search?id=a2da0'}, {'text': 'TLCMap Layer', 'link': 'https://ghap.tlcmap.org'}]",Saddle in hills through which road from Muswellbrook passes about 16km west north west from Muswellbrook.          ,,,,,,pass,,,,,BROGHEDA,MUSWELLBROOK,State Records (TLCM),State Records (TLCM)
126,Feature,Point,"[150.2011111111111, -35.29833333333333]",Castle Gap,Castle Gap,a2da1,NSW,,,,,-35.29833333333333,150.2011111111111,,https://ghap.tlcmap.org/search?id=a2da1,https://ghap.tlcmap.org,,,"[{'text': 'TLCMap Record: a2da1', 'link': 'https://ghap.tlcmap.org/search?id=a2da1'}, {'text': 'TLCMap Layer', 'link': 'https://ghap.tlcmap.org'}]",A deep sandstone gap between The Castle and Byangee Mountain.           ,,,,,,saddle2,,,,,YADBORO,SHOALHAVEN,"State Records (TLCM)
1. Geographical Names Register; Type: Website; Publisher: Geographical Names Board of New South Wales; Place: www.gnb.nsw.gov.au; ANPS Library: N; Status: Primary; ANPS Source ID: 935;","State Records (TLCM)
1. Geographical Names Register; Type: Website; Publisher: Geographical Names Board of New South Wales; Place: www.gnb.nsw.gov.au; ANPS Library: N; Status: Primary; ANPS Source ID: 935;"
127,Feature,Point,"[149.56777777777776, -31.998333333333335]",Old Castle,Old Castle,ad325,NSW,,,,,-31.998333333333335,149.56777777777776,,https://ghap.tlcmap.org/search?id=ad325,https://ghap.tlcmap.org,,,"[{'text': 'TLCMap Record: ad325', 'link': 'https://ghap.tlcmap.org/search?id=ad325'}, {'text': 'TLCMap Layer', 'link': 'https://ghap.tlcmap.org'}]",A pinnacle about 4 km NE by E of Leadville and about 12 km N of Merotherie.          ,,,,,,pinnacle1,,,,,TALBRAGAR,COOLAH,"State Records (TLCM)
1. Geographical Names Register; Type: Website; Publisher: Geographical Names Board of New South Wales; Place: www.gnb.nsw.gov.au; ANPS Library: N; Status: Primary; ANPS Source ID: 935;","State Records (TLCM)
1. Geographical Names Register; Type: Website; Publisher: Geographical Names Board of New South Wales; Place: www.gnb.nsw.gov.au; ANPS Library: N; Status: Primary; ANPS Source ID: 935;"
128,Feature,Point,"[151.01777777777778, -33.70666666666667]",Castle,Castle,a3cb6,NSW,,,,,-33.70666666666667,151.01777777777778,,https://ghap.tlcmap.org/search?id=a3cb6,https://ghap.tlcmap.org,,,"[{'text': 'TLCMap Record: a3cb6', 'link': 'https://ghap.tlcmap.org/search?id=a3cb6'}, {'text': 'TLCMap Layer', 'link': 'https://ghap.tlcmap.org'}]",A trig. station about 5 km W by N of Westleigh and about 3 km NNE of Castle Hill.          ,,,,,,trig station,,,,,SOUTH COLAH,HORNSBY,State Records (TLCM),State Records (TLCM)
129,Feature,Point,"[150.0178002, -30.11509619]",Castle Top,Castle Top,n6f806,NSW,,,,,-30.11509619,150.0178002,,https://ghap.tlcmap.org/search?id=n6f806,https://ghap.tlcmap.org,,,"[{'text': 'TLCMap Record: n6f806', 'link': 'https://ghap.tlcmap.org/search?id=n6f806'}, {'text': 'TLCMap Layer', 'link': 'https://ghap.tlcmap.org'}]",,,,,,,survey marker,landmark,culture,NSW,2021-07-13,,,,
130,Feature,Point,"[151.22611111111112, -33.60666666666667]",Castle Bay,Castle Bay,a3cb7,NSW,,,,,-33.60666666666667,151.22611111111112,,https://ghap.tlcmap.org/search?id=a3cb7,https://ghap.tlcmap.org,,,"[{'text': 'TLCMap Record: a3cb7', 'link': 'https://ghap.tlcmap.org/search?id=a3cb7'}, {'text': 'TLCMap Layer', 'link': 'https://ghap.tlcmap.org'}]",A bay about 1km SE by E of Cowan Point and about 3km SW by W of Challenger Head.          ,,,,,,bay,,,,,BROKEN BAY,WARRINGAH,State Records (TLCM),State Records (TLCM)
